{"MaxMem":"301.84 MB","AverageMem":"218.49 MB","Memoryvalues":{"807s":230.1377,"916s":219.33008,"252s":208.09961,"143s":198.13574,"276s":246.75684,"167s":198.14453,"385s":208.43457,"494s":209.70117,"361s":208.53223,"470s":209.77246,"169s":198.14062,"808s":230.13086,"917s":219.33203,"120s":223.20117,"253s":208.09961,"144s":211.22949,"277s":217.36328,"168s":198.13672,"386s":208.42285,"495s":209.8457,"362s":208.5293,"471s":209.76074,"580s":227.3623,"279s":217.22656,"809s":230.13477,"918s":219.32227,"230s":208.31445,"121s":230.94336,"254s":208.09766,"145s":198.13184,"278s":204.07812,"387s":208.42676,"496s":209.83008,"363s":208.5332,"472s":209.7373,"581s":230.10156,"690s":229.22461,"389s":208.42676,"147s":198.13184,"919s":219.32715,"340s":212.04199,"231s":208.26074,"122s":236.24805,"255s":208.08789,"146s":198.13574,"388s":208.41992,"497s":209.83105,"364s":208.5293,"80s":211.61816,"473s":209.70312,"582s":230.13184,"691s":229.32227,"499s":209.83398,"257s":208.08203,"148s":198.13184,"341s":212.0332,"232s":208.30762,"123s":223.26953,"256s":208.07227,"498s":209.82227,"365s":208.5293,"81s":211.61914,"474s":209.71094,"583s":230.11621,"450s":223.6748,"692s":229.32227,"367s":208.5918,"125s":235.88965,"258s":208.09961,"149s":207.34668,"100s":221.0752,"342s":212.03418,"233s":208.54102,"124s":234.90625,"366s":208.5332,"82s":211.62207,"475s":209.96094,"584s":230.10547,"693s":229.1582,"451s":223.60449,"560s":227.28418,"368s":208.5791,"477s":209.95312,"235s":208.33887,"126s":236.05566,"259s":220.57715,"210s":198.01562,"101s":209.63965,"343s":212.2959,"234s":208.20215,"83s":211.62598,"476s":209.96777,"585s":230.10938,"452s":215.70996,"561s":241.98633,"694s":229.19824,"670s":229.35059,"369s":208.52441,"478s":209.95215,"587s":230.10449,"103s":209.63965,"345s":212.22852,"236s":208.33887,"127s":236.22949,"320s":212.04883,"211s":197.9961,"84s":211.60352,"102s":209.63965,"344s":212.26367,"586s":230.1211,"695s":229.17383,"60s":211.76465,"453s":223.62793,"562s":240.90723,"671s":229.35059,"780s":230.71387,"479s":209.95312,"588s":230.10938,"697s":243.50684,"455s":221.2998,"213s":197.97266,"104s":209.64453,"346s":212.51465,"237s":208.31152,"128s":230.63672,"85s":211.59473,"321s":212.02148,"212s":197.98633,"61s":211.73047,"454s":215.70605,"563s":241.12012,"696s":229.10156,"430s":223.91992,"781s":230.7334,"672s":229.36621,"890s":230.49316,"589s":230.1211,"456s":210.10156,"565s":227.20508,"698s":228.88574,"323s":212.23633,"214s":197.97363,"105s":214.12207,"347s":212.50195,"238s":208.30664,"129s":236.53516,"86s":211.73535,"62s":211.78027,"322s":212.22266,"564s":227.21289,"673s":229.35449,"431s":223.28418,"891s":229.14551,"540s":233.96484,"782s":230.75293,"699s":228.88574,"457s":210.0039,"566s":241.59473,"675s":229.36328,"433s":222.49805,"324s":212.11914,"215s":197.97852,"106s":218.57324,"348s":212.50977,"239s":208.24316,"87s":211.63867,"63s":211.73438,"432s":216.4707,"783s":230.72656,"892s":234.3877,"541s":235.64453,"674s":229.35449,"650s":229.36914,"458s":209.78906,"567s":227.32617,"434s":223.25098,"785s":230.86328,"543s":221.64453,"676s":229.34766,"301s":201.20703,"325s":212.19043,"216s":198.37695,"107s":210.57227,"349s":212.58496,"88s":211.35645,"64s":211.75,"40s":212.95215,"300s":214.38281,"542s":235.83203,"651s":229.34473,"784s":230.73047,"760s":231.31934,"893s":229.65332,"459s":209.78125,"568s":227.38867,"677s":229.38574,"435s":216.81738,"895s":219.50488,"544s":221.64453,"653s":229.34668,"411s":208.12598,"786s":230.85449,"302s":215.14062,"326s":212.13965,"217s":232.46387,"108s":209.78906,"89s":211.34863,"65s":211.9668,"41s":212.43555,"410s":208.12598,"761s":231.31543,"870s":231.39844,"652s":229.36133,"894s":233.39551,"569s":227.36133,"436s":209.9961,"787s":230.85449,"896s":219.49316,"545s":236.41016,"678s":229.3623,"412s":208.12598,"763s":230.72656,"521s":222.88477,"654s":229.33887,"303s":201.21484,"327s":212.18164,"218s":202.77051,"109s":207.1543,"66s":212.05176,"42s":212.18555,"520s":209.50195,"762s":230.72168,"871s":230.9375,"679s":229.36328,"437s":210.00781,"546s":236.36328,"655s":229.35156,"413s":219.99707,"788s":230.64355,"873s":229.4375,"522s":209.49902,"631s":229.38086,"764s":230.72266,"897s":235.1416,"304s":201.1289,"328s":212.19727,"219s":203.91797,"67s":212.02832,"43s":212.1123,"630s":229.38867,"872s":230.39844,"438s":209.91895,"789s":230.64844,"547s":241.3623,"414s":219.30566,"765s":230.71777,"874s":229.63672,"523s":209.47461,"656s":229.34668,"741s":246.56543,"898s":232.02832,"632s":229.36914,"305s":201.1289,"329s":212.13867,"68s":212.04883,"44s":211.88477,"20s":183.90234,"740s":245.81738,"439s":223.91699,"899s":219.57031,"548s":226.96777,"657s":229.35156,"415s":250.61719,"524s":218.53711,"633s":229.38477,"766s":230.72559,"851s":230.48535,"500s":209.83105,"742s":244.1709,"875s":235.08398,"306s":201.1289,"69s":212.0293,"45s":211.88867,"21s":183.91113,"850s":230.47754,"549s":241.63965,"416s":237.70312,"767s":230.72168,"525s":222.81934,"658s":229.34277,"743s":246.58496,"852s":230.46973,"501s":209.83008,"634s":229.45898,"876s":233.05078,"610s":229.9209,"307s":214.52344,"46s":211.76367,"22s":183.9043,"659s":229.33887,"417s":208.71094,"877s":229.51172,"526s":209.45605,"635s":229.44824,"768s":230.71777,"502s":209.8418,"611s":229.90918,"744s":231.6748,"720s":242.91797,"853s":230.46973,"308s":201.14062,"47s":211.75977,"23s":183.91113,"309s":213.53516,"418s":219.39648,"769s":230.72266,"878s":233.76562,"527s":223.74512,"745s":246.82324,"503s":209.8418,"636s":229.49121,"721s":243.39062,"830s":230.57617,"612s":229.89648,"854s":230.47656,"48s":211.69727,"24s":183.91113,"190s":197.93164,"528s":209.79199,"637s":229.47949,"855s":230.50977,"504s":209.82715,"613s":229.89258,"746s":244.31543,"879s":234.58203,"722s":241.73828,"831s":230.58398,"49s":211.69824,"419s":209.78418,"25s":183.92383,"191s":197.84766,"747s":231.6709,"856s":239.63574,"505s":209.83496,"638s":229.46289,"723s":243.0039,"614s":229.88965,"832s":230.57324,"26s":183.93164,"529s":225.3457,"192s":197.85156,"506s":209.83496,"615s":229.57715,"748s":231.18652,"833s":230.57324,"724s":242.30469,"857s":242.14355,"700s":243.46777,"27s":183.91211,"639s":229.5293,"193s":197.88965,"725s":242.80078,"834s":230.70215,"616s":229.51367,"701s":233.2959,"858s":230.2334,"810s":230.11426,"28s":183.90723,"749s":246.55273,"507s":209.83789,"194s":197.875,"170s":211.23535,"726s":240.02344,"811s":230.10352,"702s":240.63574,"835s":230.69824,"920s":219.32129,"29s":183.91113,"859s":230.23828,"508s":209.8418,"617s":229.47559,"195s":197.85254,"280s":204.10156,"171s":211.19922,"703s":240.58496,"812s":230.11133,"921s":219.32324,"836s":230.70312,"509s":209.69727,"727s":242.55078,"618s":229.47461,"172s":198.0625,"390s":208.48535,"196s":197.72754,"281s":214.39844,"922s":219.33398,"704s":242.03809,"813s":230.10352,"619s":229.47461,"837s":230.71094,"728s":243.01562,"282s":215.16406,"391s":208.43945,"173s":198.05957,"197s":197.72949,"814s":230.10449,"923s":219.32129,"729s":243.00781,"838s":230.71094,"705s":243.44434,"150s":198.13281,"283s":212.39062,"174s":198.03906,"198s":197.72754,"392s":208.39258,"900s":219.59082,"924s":219.32324,"815s":230.10059,"706s":243.46777,"839s":230.72656,"260s":207.91699,"151s":198.12793,"284s":201.24219,"175s":198.20508,"199s":197.73145,"393s":208.39941,"901s":219.62695,"707s":228.7334,"816s":230.10742,"925s":219.30957,"261s":207.91699,"152s":211.20215,"285s":215.16797,"176s":198.19727,"394s":208.45898,"370s":208.5166,"902s":219.62695,"926s":219.33105,"708s":243.88965,"817s":230.08789,"262s":219.13965,"153s":198.14062,"286s":214.64062,"177s":198.14453,"395s":208.46191,"371s":208.52539,"480s":209.95312,"709s":266.70996,"903s":219.62305,"818s":229.90137,"927s":219.44434,"130s":235.82324,"263s":207.97949,"154s":198.12793,"287s":213.88281,"178s":198.13672,"396s":208.3916,"372s":208.51758,"481s":209.92871,"590s":230.10449,"819s":230.66211,"904s":219.62012,"928s":219.4414,"240s":208.22754,"131s":231.32129,"264s":220.82715,"155s":211.21777,"288s":214.71875,"179s":198.11523,"397s":208.36035,"373s":208.52148,"482s":209.9336,